/*
Navicat MySQL Data Transfer

Source Server         : lokal
Source Server Version : 50714
Source Host           : localhost:3306
Source Database       : wssimpeg

Target Server Type    : MYSQL
Target Server Version : 50714
File Encoding         : 65001

Date: 2018-05-03 15:38:18
*/

SET FOREIGN_KEY_CHECKS=0;

-- ----------------------------
-- Table structure for `jabfung`
-- ----------------------------
DROP TABLE IF EXISTS `jabfung`;
CREATE TABLE `jabfung` (
  `id` varchar(32) NOT NULL,
  `nama` varchar(100) DEFAULT NULL,
  `kel_jabatan_id` varchar(32) DEFAULT NULL,
  `cepat_kode` varchar(32) DEFAULT NULL,
  PRIMARY KEY (`id`)
) ENGINE=InnoDB DEFAULT CHARSET=latin1;

-- ----------------------------
-- Records of jabfung
-- ----------------------------
INSERT INTO `jabfung` VALUES ('A5EB03E23E2FF6A0E040640A040252AD', 'Analis Kepegawaian Madya', 'A5EB03E23DB5F6A0E040640A040252AD', '08002');
INSERT INTO `jabfung` VALUES ('A5EB03E23E30F6A0E040640A040252AD', 'Analis Kepegawaian Muda', 'A5EB03E23DB5F6A0E040640A040252AD', '08003');
INSERT INTO `jabfung` VALUES ('A5EB03E23E32F6A0E040640A040252AD', 'Analis Kepegawaian Penyelia', 'A5EB03E23DB5F6A0E040640A040252AD', '08005');
INSERT INTO `jabfung` VALUES ('A5EB03E23EB0F6A0E040640A040252AD', 'Pranata Komputer Muda', 'A5EB03E23DC8F6A0E040640A040252AD', '10503');
INSERT INTO `jabfung` VALUES ('A5EB03E23EB1F6A0E040640A040252AD', 'Pranata Komputer Pertama', 'A5EB03E23DC8F6A0E040640A040252AD', '10504');

-- ----------------------------
-- Table structure for `jfu`
-- ----------------------------
DROP TABLE IF EXISTS `jfu`;
CREATE TABLE `jfu` (
  `ID` char(32) NOT NULL,
  `NAMA` varchar(255) DEFAULT NULL,
  `CPNS_PNS` varchar(5) DEFAULT NULL,
  PRIMARY KEY (`ID`)
) ENGINE=MyISAM DEFAULT CHARSET=utf8;

-- ----------------------------
-- Records of jfu
-- ----------------------------
INSERT INTO `jfu` VALUES ('A418D76E0125B891E040640A04021940', 'CARAKA', 'PNS');
INSERT INTO `jfu` VALUES ('A418D76E020CB891E040640A04021940', 'PETUGAS OPERATOR KOMPUTER', 'CPNS');
INSERT INTO `jfu` VALUES ('A418D76E0225B891E040640A04021940', 'OPERATOR MESIN', 'CPNS');
INSERT INTO `jfu` VALUES ('A418D76E04DBB891E040640A04021940', 'PENATA LAPORAN KEUANGAN', 'CPNS');
INSERT INTO `jfu` VALUES ('A418D76E07A5B891E040640A04021940', 'PENGADMINISTRASI KEUANGAN', 'CPNS');
INSERT INTO `jfu` VALUES ('A418D76E0875B891E040640A04021940', 'PENGADMINISTRASI BARANG MILIK NEGARA', 'PNS');
INSERT INTO `jfu` VALUES ('A418D76E0894B891E040640A04021940', 'PENGAGENDA SURAT', 'CPNS');
INSERT INTO `jfu` VALUES ('A418D76E0A54B891E040640A04021940', 'PENGELOLA DATA KEPEGAWAIAN', 'PNS');
INSERT INTO `jfu` VALUES ('A418D76E0C34B891E040640A04021940', 'PENGEMUDI', 'PNS');
INSERT INTO `jfu` VALUES ('A418D76E0EE7B891E040640A04021940', 'PENGOLAH DATA KEPEGAWAIAN ', 'CPNS');
INSERT INTO `jfu` VALUES ('A418D76E1571B891E040640A04021940', 'PENYUSUN BAHAN KERJASAMA', 'CPNS');
INSERT INTO `jfu` VALUES ('A418D76E17EDB891E040640A04021940', 'PETUGAS DOKUMENTASI', 'CPNS');
INSERT INTO `jfu` VALUES ('A418D76E1806B891E040640A04021940', 'PETUGAS KEAMANAN', 'CPNS');
INSERT INTO `jfu` VALUES ('A418D76E19EBB891E040640A04021940', 'PETUGAS PROTOKOL', 'PNS');
INSERT INTO `jfu` VALUES ('A418D76E1A7EB891E040640A04021940', 'SEKRETARIS', 'PNS');
INSERT INTO `jfu` VALUES ('A418D76E1AD3B891E040640A04021940', 'TEKNISI MESIN', 'CPNS');
INSERT INTO `jfu` VALUES ('ff808081325e8a690132606e93d00d75', 'PENGELOLA TATA NASKAH', 'CPNS');
INSERT INTO `jfu` VALUES ('ff8080813441db29013445b0abb025a8', 'BENDAHARA PENGELUARAN', 'PNS');
INSERT INTO `jfu` VALUES ('ff80808135765575013579a3327a1c6b', 'PENYAJI INFORMASI KEPEGAWAIAN', 'PNS');
INSERT INTO `jfu` VALUES ('ff80808135765575013579a51f2c1cc6', 'PETUGAS PEMBINAAN JASMANI DAN MENTAL PEGAWAI', 'CPNS');
INSERT INTO `jfu` VALUES ('ff80808135765575013579a5e6b71ceb', 'PRAMUBAKTI', 'PNS');
INSERT INTO `jfu` VALUES ('ff8080813ec18e20013ecf1cf03b3e01', 'PENGADMINISTRASI KINERJA', 'PNS');

-- ----------------------------
-- Table structure for `pnsskp`
-- ----------------------------
DROP TABLE IF EXISTS `pnsskp`;
CREATE TABLE `pnsskp` (
  `idpns` varchar(32) NOT NULL,
  `nip_lama` varchar(9) DEFAULT NULL,
  `nip_baru` varchar(18) NOT NULL,
  `namapns` varchar(255) DEFAULT NULL,
  `golongan_id` varchar(2) DEFAULT NULL,
  `namagolru` varchar(10) DEFAULT NULL,
  `pangkat` varchar(50) DEFAULT NULL,
  `unorid` varchar(32) DEFAULT NULL,
  `namaunor` varchar(255) DEFAULT NULL,
  `namajabatan` varchar(255) DEFAULT NULL,
  `diatasanid` varchar(32) DEFAULT NULL,
  `instansi_id` varchar(32) DEFAULT NULL,
  `jenis_jabatan` varchar(1) DEFAULT NULL,
  `jabatan_fungsional` varchar(32) DEFAULT NULL,
  `jabatan_umum` varchar(32) DEFAULT NULL,
  PRIMARY KEY (`nip_baru`)
) ENGINE=InnoDB DEFAULT CHARSET=latin1;

-- ----------------------------
-- Records of pnsskp
-- ----------------------------
INSERT INTO `pnsskp` VALUES ('A8ACA749EB953912E040640A040269BB', '260003194', '195401031982011001', 'EDY SUJITNO', '45', 'IV/e', 'Pembina Utama', 'A8ACA73A4DFA3912E040640A040269BB', 'SEKRETARIAT UTAMA', 'SEKRETARIS  UTAMA', 'A8ACA73A4DF63912E040640A040269BB', 'A5EB03E23B00F6A0E040640A040252AD', '1', '', '');
INSERT INTO `pnsskp` VALUES ('A8ACA749EC293912E040640A040269BB', '260002884', '195501061981101001', 'EKO SUTRISNO', '45', 'IV/e', 'Pembina Utama', 'A8ACA73A4DF63912E040640A040269BB', 'BADAN KEPEGAWAIAN NEGARA', 'KEPALA BADAN KEPEGAWAIAN NEGARA', '', 'A5EB03E23B00F6A0E040640A040252AD', '1', '', '');
INSERT INTO `pnsskp` VALUES ('A8ACA75DDB013912E040640A040269BB', '260002670', '195802271981031001', 'TRI HANJONO', '41', 'IV/a', 'Pembina', 'A8ACA73A50983912E040640A040269BB', 'KANTOR REGIONAL I BKN', 'KEPALA KANTOR REGIONAL I BKN', 'A8ACA73A50963912E040640A040269BB', 'A5EB03E23B00F6A0E040640A040252AD', '2', 'A5EB03E23E2FF6A0E040640A040252AD', '');
INSERT INTO `pnsskp` VALUES ('A8ACA75DDB823912E040640A040269BB', '260002410', '195803101980031001', 'TRI MULYO HUSODO', '32', 'III/b', 'Penata Muda Tingkat I', 'A8ACA73A50A03912E040640A040269BB', 'SUB BAGIAN TATA USAHA DAN RUMAH TANGGA', 'KEPALA SUB BAGIAN TATA USAHA DAN RUMAH TANGGA', 'A8ACA73A509A3912E040640A040269BB', 'A5EB03E23B00F6A0E040640A040252AD', '4', '', 'A418D76E0894B891E040640A04021940');
INSERT INTO `pnsskp` VALUES ('A8ACA75DDD5B3912E040640A040269BB', '260002417', '195804251980031001', 'SUPRAPTO', '34', 'III/d', 'Penata Tingkat I', 'A8ACA73A50A23912E040640A040269BB', 'BIDANG MUTASI', 'KEPALA BIDANG MUTASI', 'A8ACA73A50983912E040640A040269BB', 'A5EB03E23B00F6A0E040640A040252AD', '2', 'A5EB03E23E32F6A0E040640A040252AD', '');
INSERT INTO `pnsskp` VALUES ('A8ACA75D59483912E040640A040269BB', '260002521', '195806121980091001', 'BUDIYANTO', '34', 'III/d', 'Penata Tingkat I', 'A8ACA73A50B63912E040640A040269BB', 'BIDANG INFORMASI KEPEGAWAIAN', 'KEPALA BIDANG INFORMASI KEPEGAWAIAN', 'A8ACA73A50983912E040640A040269BB', 'A5EB03E23B00F6A0E040640A040252AD', '2', 'A5EB03E23E32F6A0E040640A040252AD', '');
INSERT INTO `pnsskp` VALUES ('A8ACA75DD2693912E040640A040269BB', '260002551', '195807041980111001', 'ADMAN', '34', 'III/d', 'Penata Tingkat I', 'A8ACA73A50B63912E040640A040269BB', 'BIDANG INFORMASI KEPEGAWAIAN', 'KEPALA BIDANG INFORMASI KEPEGAWAIAN', 'A8ACA73A50983912E040640A040269BB', 'A5EB03E23B00F6A0E040640A040252AD', '2', 'A5EB03E23E32F6A0E040640A040252AD', '');
INSERT INTO `pnsskp` VALUES ('A8ACA75D6F3D3912E040640A040269BB', '260003382', '195811211983021001', 'MADIYAN', '32', 'III/b', 'Penata Muda Tingkat I', 'A8ACA73A50B83912E040640A040269BB', 'SEKSI PENYAJIAN DAN PENGELOLAAN  DATA KEPEGAWAIAN I', 'KEPALA SEKSI PENYAJIAN DAN PENGELOLAAN DATA KEPEGAWAIAN I', 'A8ACA73A50B63912E040640A040269BB', 'A5EB03E23B00F6A0E040640A040252AD', '4', '', 'ff808081325e8a690132606e93d00d75');
INSERT INTO `pnsskp` VALUES ('A8ACA75D80B03912E040640A040269BB', '260001915', '195811271979011002', 'SUWARSO SUHARMANTO', '34', 'III/d', 'Penata Tingkat I', 'A8ACA73A50A23912E040640A040269BB', 'BIDANG MUTASI', 'KEPALA BIDANG MUTASI', 'A8ACA73A50983912E040640A040269BB', 'A5EB03E23B00F6A0E040640A040252AD', '2', 'A5EB03E23E32F6A0E040640A040252AD', '');
INSERT INTO `pnsskp` VALUES ('A8ACA75DDD033912E040640A040269BB', '260002594', '195901291981011001', 'TARYONO', '34', 'III/d', 'Penata Tingkat I', 'A8ACA73A50B63912E040640A040269BB', 'BIDANG INFORMASI KEPEGAWAIAN', 'KEPALA BIDANG INFORMASI KEPEGAWAIAN', 'A8ACA73A50983912E040640A040269BB', 'A5EB03E23B00F6A0E040640A040252AD', '2', 'A5EB03E23E32F6A0E040640A040252AD', '');
INSERT INTO `pnsskp` VALUES ('A8ACA75D60D03912E040640A040269BB', '260004891', '195903111985031001', 'KLIMIN', '32', 'III/b', 'Penata Muda Tingkat I', 'A8ACA73A509E3912E040640A040269BB', 'SUB BAGIAN KEPEGAWAIAN', 'KEPALA SUB BAGIAN KEPEGAWAIAN', 'A8ACA73A509A3912E040640A040269BB', 'A5EB03E23B00F6A0E040640A040252AD', '4', '', 'ff808081325e8a690132606e93d00d75');
INSERT INTO `pnsskp` VALUES ('A8ACA75D53193912E040640A040269BB', '260002464', '195903281980091001', 'JUMAKIR', '34', 'III/d', 'Penata Tingkat I', 'A8ACA73A50A63912E040640A040269BB', 'SEKSI MUTASI I', 'KEPALA SEKSI MUTASI I', 'A8ACA73A50A23912E040640A040269BB', 'A5EB03E23B00F6A0E040640A040252AD', '1', '', '');
INSERT INTO `pnsskp` VALUES ('A8ACA75D5D0F3912E040640A040269BB', '260002508', '195904091980091001', 'SUBARDJONO', '34', 'III/d', 'Penata Tingkat I', 'A8ACA73A50B83912E040640A040269BB', 'SEKSI PENYAJIAN DAN PENGELOLAAN  DATA KEPEGAWAIAN I', 'KEPALA SEKSI PENYAJIAN DAN PENGELOLAAN DATA KEPEGAWAIAN I', 'A8ACA73A50B63912E040640A040269BB', 'A5EB03E23B00F6A0E040640A040252AD', '1', '', '');
INSERT INTO `pnsskp` VALUES ('A8ACA75DDB6B3912E040640A040269BB', '260003540', '195905071983071001', 'SUHARYONO', '23', 'II/c', 'Pengatur', 'A8ACA73A50A03912E040640A040269BB', 'SUB BAGIAN TATA USAHA DAN RUMAH TANGGA', 'KEPALA SUB BAGIAN TATA USAHA DAN RUMAH TANGGA', 'A8ACA73A509A3912E040640A040269BB', 'A5EB03E23B00F6A0E040640A040252AD', '4', '', 'A418D76E0225B891E040640A04021940');
INSERT INTO `pnsskp` VALUES ('A8ACA75D62BD3912E040640A040269BB', '260002535', '195906231980091001', 'SUMARDI', '41', 'IV/a', 'Pembina', 'A8ACA73A50B63912E040640A040269BB', 'BIDANG INFORMASI KEPEGAWAIAN', 'KEPALA BIDANG INFORMASI KEPEGAWAIAN', 'A8ACA73A50983912E040640A040269BB', 'A5EB03E23B00F6A0E040640A040252AD', '2', 'A5EB03E23E2FF6A0E040640A040252AD', '');
INSERT INTO `pnsskp` VALUES ('A8ACA75D5D033912E040640A040269BB', '260004689', '195907011985031001', 'ARNAS KADARYOTO', '32', 'III/b', 'Penata Muda Tingkat I', 'A8ACA73A50B83912E040640A040269BB', 'SEKSI PENYAJIAN DAN PENGELOLAAN  DATA KEPEGAWAIAN I', 'KEPALA SEKSI PENYAJIAN DAN PENGELOLAAN DATA KEPEGAWAIAN I', 'A8ACA73A50B63912E040640A040269BB', 'A5EB03E23B00F6A0E040640A040252AD', '4', '', 'ff808081325e8a690132606e93d00d75');
INSERT INTO `pnsskp` VALUES ('A8ACA75DD92A3912E040640A040269BB', '260005774', '195910171987111001', 'HARIYADI', '33', 'III/c', 'Penata', 'A8ACA73A509E3912E040640A040269BB', 'SUB BAGIAN KEPEGAWAIAN', 'KEPALA SUB BAGIAN KEPEGAWAIAN', 'A8ACA73A509A3912E040640A040269BB', 'A5EB03E23B00F6A0E040640A040252AD', '4', '', 'A418D76E0A54B891E040640A04021940');
INSERT INTO `pnsskp` VALUES ('A8ACA75DD94F3912E040640A040269BB', '260003534', '195911241983071001', 'AMRON ISMADI', '32', 'III/b', 'Penata Muda Tingkat I', 'A8ACA73A50AE3912E040640A040269BB', 'SEKSI ADMINISTRASI STATUS KEPEGAWAIAN DAN PENSIUN', 'KEPALA SEKSI ADM STATUS KEPEGAWAIAN DAN PENSIUN', 'A8ACA73A50AC3912E040640A040269BB', 'A5EB03E23B00F6A0E040640A040252AD', '4', '', 'A418D76E020CB891E040640A04021940');
INSERT INTO `pnsskp` VALUES ('A8ACA75DD5D33912E040640A040269BB', '260003520', '196001051983071001', 'BUDIYANTO', '33', 'III/c', 'Penata', 'A8ACA73A50BA3912E040640A040269BB', 'SEKSI PENYAJIAN DAN PENGELOLAAN DATA KEPEGAWAIAN II', 'KEPALA SEKSI PENYAJIAN DAN PENGELOLAAN DATA KEPEGAWAIAN II', 'A8ACA73A50B63912E040640A040269BB', 'A5EB03E23B00F6A0E040640A040252AD', '4', '', 'ff808081325e8a690132606e93d00d75');
INSERT INTO `pnsskp` VALUES ('A8ACA75DDBAE3912E040640A040269BB', '260002654', '196003101981031001', 'SYAMSUDIANA', '34', 'III/d', 'Penata Tingkat I', 'A8ACA73A50B63912E040640A040269BB', 'BIDANG INFORMASI KEPEGAWAIAN', 'KEPALA BIDANG INFORMASI KEPEGAWAIAN', 'A8ACA73A50983912E040640A040269BB', 'A5EB03E23B00F6A0E040640A040252AD', '2', 'A5EB03E23E32F6A0E040640A040252AD', '');
INSERT INTO `pnsskp` VALUES ('A8ACA75DDB683912E040640A040269BB', '260003538', '196003121983071001', 'SUYATIN', '33', 'III/c', 'Penata', 'A8ACA73A50A03912E040640A040269BB', 'SUB BAGIAN TATA USAHA DAN RUMAH TANGGA', 'KEPALA SUB BAGIAN TATA USAHA DAN RUMAH TANGGA', 'A8ACA73A509A3912E040640A040269BB', 'A5EB03E23B00F6A0E040640A040252AD', '4', '', 'A418D76E0894B891E040640A04021940');
INSERT INTO `pnsskp` VALUES ('A8ACA75D86963912E040640A040269BB', '260002548', '196005121980111001', 'SURYADI', '34', 'III/d', 'Penata Tingkat I', 'A8ACA73A50B63912E040640A040269BB', 'BIDANG INFORMASI KEPEGAWAIAN', 'KEPALA BIDANG INFORMASI KEPEGAWAIAN', 'A8ACA73A50983912E040640A040269BB', 'A5EB03E23B00F6A0E040640A040252AD', '2', 'A5EB03E23E32F6A0E040640A040252AD', '');
INSERT INTO `pnsskp` VALUES ('A8ACA75D5D063912E040640A040269BB', '260004996', '196006091985092001', 'SRI MULATSIH', '32', 'III/b', 'Penata Muda Tingkat I', 'A8ACA73A50AE3912E040640A040269BB', 'SEKSI ADMINISTRASI STATUS KEPEGAWAIAN DAN PENSIUN', 'KEPALA SEKSI ADM STATUS KEPEGAWAIAN DAN PENSIUN', 'A8ACA73A50AC3912E040640A040269BB', 'A5EB03E23B00F6A0E040640A040252AD', '4', '', 'A418D76E020CB891E040640A04021940');
INSERT INTO `pnsskp` VALUES ('A8ACA75DD2383912E040640A040269BB', '260003114', '196007111982011001', 'SUKARDI', '41', 'IV/a', 'Pembina', 'A8ACA73A50B63912E040640A040269BB', 'BIDANG INFORMASI KEPEGAWAIAN', 'KEPALA BIDANG INFORMASI KEPEGAWAIAN', 'A8ACA73A50983912E040640A040269BB', 'A5EB03E23B00F6A0E040640A040252AD', '2', 'A5EB03E23E2FF6A0E040640A040252AD', '');
INSERT INTO `pnsskp` VALUES ('A8ACA75DD8213912E040640A040269BB', '260003009', '196008151981111001', 'SUKIRNO', '34', 'III/d', 'Penata Tingkat I', 'A8ACA73A50B83912E040640A040269BB', 'SEKSI PENYAJIAN DAN PENGELOLAAN  DATA KEPEGAWAIAN I', 'KEPALA SEKSI PENYAJIAN DAN PENGELOLAAN DATA KEPEGAWAIAN I', 'A8ACA73A50B63912E040640A040269BB', 'A5EB03E23B00F6A0E040640A040252AD', '4', '', 'ff808081325e8a690132606e93d00d75');
INSERT INTO `pnsskp` VALUES ('A8ACA75D572A3912E040640A040269BB', '260004683', '196008291985032001', 'SRI REJEKI ARYATI', '32', 'III/b', 'Penata Muda Tingkat I', 'A8ACA73A50A03912E040640A040269BB', 'SUB BAGIAN TATA USAHA DAN RUMAH TANGGA', 'KEPALA SUB BAGIAN TATA USAHA DAN RUMAH TANGGA', 'A8ACA73A509A3912E040640A040269BB', 'A5EB03E23B00F6A0E040640A040252AD', '4', '', 'A418D76E19EBB891E040640A04021940');
INSERT INTO `pnsskp` VALUES ('A8ACA75D57273912E040640A040269BB', '260004682', '196009141985032001', 'EMI MARWANTI', '34', 'III/d', 'Penata Tingkat I', 'A8ACA73A50A03912E040640A040269BB', 'SUB BAGIAN TATA USAHA DAN RUMAH TANGGA', 'KEPALA SUB BAGIAN TATA USAHA DAN RUMAH TANGGA', 'A8ACA73A509A3912E040640A040269BB', 'A5EB03E23B00F6A0E040640A040252AD', '4', '', 'A418D76E19EBB891E040640A04021940');
INSERT INTO `pnsskp` VALUES ('A8ACA75DD8273912E040640A040269BB', '260003379', '196010031983021001', 'KARYONO', '33', 'III/c', 'Penata', 'A8ACA73A50A03912E040640A040269BB', 'SUB BAGIAN TATA USAHA DAN RUMAH TANGGA', 'KEPALA SUB BAGIAN TATA USAHA DAN RUMAH TANGGA', 'A8ACA73A509A3912E040640A040269BB', 'A5EB03E23B00F6A0E040640A040252AD', '4', '', 'A418D76E1A7EB891E040640A04021940');
INSERT INTO `pnsskp` VALUES ('A8ACA75DDC423912E040640A040269BB', '260005739', '196011031987112001', 'RATNA LEGOWATI', '32', 'III/b', 'Penata Muda Tingkat I', 'A8ACA73A50B83912E040640A040269BB', 'SEKSI PENYAJIAN DAN PENGELOLAAN  DATA KEPEGAWAIAN I', 'KEPALA SEKSI PENYAJIAN DAN PENGELOLAAN DATA KEPEGAWAIAN I', 'A8ACA73A50B63912E040640A040269BB', 'A5EB03E23B00F6A0E040640A040252AD', '4', '', 'ff808081325e8a690132606e93d00d75');
INSERT INTO `pnsskp` VALUES ('A8ACA75D62C33912E040640A040269BB', '260005307', '196011061986021001', 'SIWAN', '21', 'II/a', 'Pengatur Muda', 'A8ACA73A50A03912E040640A040269BB', 'SUB BAGIAN TATA USAHA DAN RUMAH TANGGA', 'KEPALA SUB BAGIAN TATA USAHA DAN RUMAH TANGGA', 'A8ACA73A509A3912E040640A040269BB', 'A5EB03E23B00F6A0E040640A040252AD', '4', '', 'ff80808135765575013579a5e6b71ceb');
INSERT INTO `pnsskp` VALUES ('A8ACA749EB243912E040640A040269BB', '260003262', '196011121982011001', 'PURWANTO', '44', 'IV/d', 'Pembina Utama Madya', 'A8ACA73A50983912E040640A040269BB', 'KANTOR REGIONAL I BKN', 'KEPALA KANTOR REGIONAL I BKN', 'A8ACA73A50963912E040640A040269BB', 'A5EB03E23B00F6A0E040640A040252AD', '1', '', '');
INSERT INTO `pnsskp` VALUES ('A8ACA75DD9243912E040640A040269BB', '260005517', '196012011986031001', 'SUNARDI', '33', 'III/c', 'Penata', 'A8ACA73A50A43912E040640A040269BB', 'SEKSI ADMINISTRASI MUTASI', 'KEPALA SEKSI ADMINISTRASI MUTASI', 'A8ACA73A50A23912E040640A040269BB', 'A5EB03E23B00F6A0E040640A040252AD', '4', '', 'A418D76E0894B891E040640A04021940');
INSERT INTO `pnsskp` VALUES ('A8ACA75D5CF43912E040640A040269BB', '260003797', '196104061984032001', 'SULASTRI', '32', 'III/b', 'Penata Muda Tingkat I', 'A8ACA73A50C23912E040640A040269BB', 'SEKSI BIMBINGAN TEKNIS KEPEGAWAIAN I', 'KEPALA SEKSI BIMBINGAN TEKNIS KEPEGAWAIAN I', 'A8ACA73A50C03912E040640A040269BB', 'A5EB03E23B00F6A0E040640A040252AD', '4', '', 'A418D76E1571B891E040640A04021940');
INSERT INTO `pnsskp` VALUES ('A8ACA75D86913912E040640A040269BB', '260005311', '196104121986021001', 'MAKHALUDIN', '21', 'II/a', 'Pengatur Muda', 'A8ACA73A50A03912E040640A040269BB', 'SUB BAGIAN TATA USAHA DAN RUMAH TANGGA', 'KEPALA SUB BAGIAN TATA USAHA DAN RUMAH TANGGA', 'A8ACA73A509A3912E040640A040269BB', 'A5EB03E23B00F6A0E040640A040252AD', '4', '', 'A418D76E0125B891E040640A04021940');
INSERT INTO `pnsskp` VALUES ('A8ACA75DD9433912E040640A040269BB', '260003529', '196106241983072001', 'TASMIATUN', '32', 'III/b', 'Penata Muda Tingkat I', 'A8ACA73A50B83912E040640A040269BB', 'SEKSI PENYAJIAN DAN PENGELOLAAN  DATA KEPEGAWAIAN I', 'KEPALA SEKSI PENYAJIAN DAN PENGELOLAAN DATA KEPEGAWAIAN I', 'A8ACA73A50B63912E040640A040269BB', 'A5EB03E23B00F6A0E040640A040252AD', '4', '', 'ff808081325e8a690132606e93d00d75');
INSERT INTO `pnsskp` VALUES ('A8ACA75D7CBE3912E040640A040269BB', '260004887', '196110251985032001', 'TUGINEM', '32', 'III/b', 'Penata Muda Tingkat I', 'A8ACA73A50AE3912E040640A040269BB', 'SEKSI ADMINISTRASI STATUS KEPEGAWAIAN DAN PENSIUN', 'KEPALA SEKSI ADM STATUS KEPEGAWAIAN DAN PENSIUN', 'A8ACA73A50AC3912E040640A040269BB', 'A5EB03E23B00F6A0E040640A040252AD', '4', '', 'A418D76E0894B891E040640A04021940');
INSERT INTO `pnsskp` VALUES ('A8ACA75DDD093912E040640A040269BB', '260003544', '196201011983071001', 'PRABOWO TUWONO', '21', 'II/a', 'Pengatur Muda', 'A8ACA73A50A03912E040640A040269BB', 'SUB BAGIAN TATA USAHA DAN RUMAH TANGGA', 'KEPALA SUB BAGIAN TATA USAHA DAN RUMAH TANGGA', 'A8ACA73A509A3912E040640A040269BB', 'A5EB03E23B00F6A0E040640A040252AD', '4', '', 'A418D76E1806B891E040640A04021940');
INSERT INTO `pnsskp` VALUES ('A8ACA75DDB5D3912E040640A040269BB', '260003536', '196201291983071001', 'YASIN MUDADA', '32', 'III/b', 'Penata Muda Tingkat I', 'A8ACA73A50B83912E040640A040269BB', 'SEKSI PENYAJIAN DAN PENGELOLAAN  DATA KEPEGAWAIAN I', 'KEPALA SEKSI PENYAJIAN DAN PENGELOLAAN DATA KEPEGAWAIAN I', 'A8ACA73A50B63912E040640A040269BB', 'A5EB03E23B00F6A0E040640A040252AD', '4', '', 'ff808081325e8a690132606e93d00d75');
INSERT INTO `pnsskp` VALUES ('A8ACA75DE0D63912E040640A040269BB', '260004966', '196203021985031001', 'BUDIYONO', '32', 'III/b', 'Penata Muda Tingkat I', 'A8ACA73A50A03912E040640A040269BB', 'SUB BAGIAN TATA USAHA DAN RUMAH TANGGA', 'KEPALA SUB BAGIAN TATA USAHA DAN RUMAH TANGGA', 'A8ACA73A509A3912E040640A040269BB', 'A5EB03E23B00F6A0E040640A040252AD', '4', '', 'A418D76E1AD3B891E040640A04021940');
INSERT INTO `pnsskp` VALUES ('A8ACA75DD9463912E040640A040269BB', '260003531', '196205171983072001', 'RAHAYU ISNANINGSIH', '32', 'III/b', 'Penata Muda Tingkat I', 'A8ACA73A50B63912E040640A040269BB', 'BIDANG INFORMASI KEPEGAWAIAN', 'KEPALA BIDANG INFORMASI KEPEGAWAIAN', 'A8ACA73A50983912E040640A040269BB', 'A5EB03E23B00F6A0E040640A040252AD', '2', 'A5EB03E23E32F6A0E040640A040252AD', '');
INSERT INTO `pnsskp` VALUES ('A8ACA75D57333912E040640A040269BB', '260004668', '196210051985031003', 'TRI SUDIHARTONO', '34', 'III/d', 'Penata Tingkat I', 'A8ACA73A50C63912E040640A040269BB', 'SEKSI PENGEMBANGAN KEPEGAWAIAN', 'KEPALA SEKSI PENGEMBANGAN KEPEGAWAIAN', 'A8ACA73A50C03912E040640A040269BB', 'A5EB03E23B00F6A0E040640A040252AD', '4', '', 'ff80808135765575013579a3327a1c6b');
INSERT INTO `pnsskp` VALUES ('A8ACA75DD5D03912E040640A040269BB', '260003519', '196211021983071001', 'NURYANTO', '33', 'III/c', 'Penata', 'A8ACA73A50A23912E040640A040269BB', 'BIDANG MUTASI', 'KEPALA BIDANG MUTASI', 'A8ACA73A50983912E040640A040269BB', 'A5EB03E23B00F6A0E040640A040252AD', '2', 'A5EB03E23E32F6A0E040640A040252AD', '');
INSERT INTO `pnsskp` VALUES ('A8ACA75DE0D33912E040640A040269BB', '260004965', '196211071985032001', 'ADRIARTI WAHYUNINGSIH', '32', 'III/b', 'Penata Muda Tingkat I', 'A8ACA73A50A03912E040640A040269BB', 'SUB BAGIAN TATA USAHA DAN RUMAH TANGGA', 'KEPALA SUB BAGIAN TATA USAHA DAN RUMAH TANGGA', 'A8ACA73A509A3912E040640A040269BB', 'A5EB03E23B00F6A0E040640A040252AD', '4', '', 'A418D76E0894B891E040640A04021940');
INSERT INTO `pnsskp` VALUES ('A8ACA75D6F563912E040640A040269BB', '260005748', '196211101987111001', 'SUDIPTATRI WALUYA', '32', 'III/b', 'Penata Muda Tingkat I', 'A8ACA73A50A03912E040640A040269BB', 'SUB BAGIAN TATA USAHA DAN RUMAH TANGGA', 'KEPALA SUB BAGIAN TATA USAHA DAN RUMAH TANGGA', 'A8ACA73A509A3912E040640A040269BB', 'A5EB03E23B00F6A0E040640A040252AD', '4', '', 'A418D76E0875B891E040640A04021940');
INSERT INTO `pnsskp` VALUES ('A8ACA75DD5CE3912E040640A040269BB', '260003518', '196211301983071001', 'BAMBANG TRIANGGONO', '34', 'III/d', 'Penata Tingkat I', 'A8ACA73A50B43912E040640A040269BB', 'SEKSI PENSIUN II', 'KEPALA SEKSI PENSIUN II', 'A8ACA73A50AC3912E040640A040269BB', 'A5EB03E23B00F6A0E040640A040252AD', '1', '', 'A418D76E0436B891E040640A04021940');
INSERT INTO `pnsskp` VALUES ('A8ACA75DDEBB3912E040640A040269BB', '260005753', '196212191987111001', 'SUHARYANTO', '32', 'III/b', 'Penata Muda Tingkat I', 'A8ACA73A50A03912E040640A040269BB', 'SUB BAGIAN TATA USAHA DAN RUMAH TANGGA', 'KEPALA SUB BAGIAN TATA USAHA DAN RUMAH TANGGA', 'A8ACA73A509A3912E040640A040269BB', 'A5EB03E23B00F6A0E040640A040252AD', '4', '', 'A418D76E0125B891E040640A04021940');
INSERT INTO `pnsskp` VALUES ('A8ACA75D57363912E040640A040269BB', '260004669', '196212221985031001', 'HARYANTO', '33', 'III/c', 'Penata', 'A8ACA73A50A03912E040640A040269BB', 'SUB BAGIAN TATA USAHA DAN RUMAH TANGGA', 'KEPALA SUB BAGIAN TATA USAHA DAN RUMAH TANGGA', 'A8ACA73A509A3912E040640A040269BB', 'A5EB03E23B00F6A0E040640A040252AD', '4', '', 'A418D76E1AD3B891E040640A04021940');
INSERT INTO `pnsskp` VALUES ('A8ACA75D5AF13912E040640A040269BB', '260004685', '196302181985032001', 'ELIYATI', '32', 'III/b', 'Penata Muda Tingkat I', 'A8ACA73A50A43912E040640A040269BB', 'SEKSI ADMINISTRASI MUTASI', 'KEPALA SEKSI ADMINISTRASI MUTASI', 'A8ACA73A50A23912E040640A040269BB', 'A5EB03E23B00F6A0E040640A040252AD', '4', '', 'A418D76E0894B891E040640A04021940');
INSERT INTO `pnsskp` VALUES ('A8ACA75D533C3912E040640A040269BB', '260005281', '196303311985092001', 'DAISY LISTIDIAH', '32', 'III/b', 'Penata Muda Tingkat I', 'A8ACA73A50BA3912E040640A040269BB', 'SEKSI PENYAJIAN DAN PENGELOLAAN DATA KEPEGAWAIAN II', 'KEPALA SEKSI PENYAJIAN DAN PENGELOLAAN DATA KEPEGAWAIAN II', 'A8ACA73A50B63912E040640A040269BB', 'A5EB03E23B00F6A0E040640A040252AD', '4', '', 'ff808081325e8a690132606e93d00d75');
INSERT INTO `pnsskp` VALUES ('A8ACA75D6F3A3912E040640A040269BB', '260003380', '196304081983021001', 'ACHMAD SUBANDI', '31', 'III/a', 'Penata Muda', 'A8ACA73A50A03912E040640A040269BB', 'SUB BAGIAN TATA USAHA DAN RUMAH TANGGA', 'KEPALA SUB BAGIAN TATA USAHA DAN RUMAH TANGGA', 'A8ACA73A509A3912E040640A040269BB', 'A5EB03E23B00F6A0E040640A040252AD', '4', '', 'A418D76E0875B891E040640A04021940');
INSERT INTO `pnsskp` VALUES ('A8ACA75DDEA73912E040640A040269BB', '260004379', '196305091985021001', 'WARDIYANA', '33', 'III/c', 'Penata', 'A8ACA73A50C03912E040640A040269BB', 'BIDANG BIMBINGAN TEKNIS KEPEGAWAIAN', 'KEPALA BIDANG BIMBINGAN TEKNIS KEPEGAWAIAN', 'A8ACA73A50983912E040640A040269BB', 'A5EB03E23B00F6A0E040640A040252AD', '2', 'A5EB03E23E30F6A0E040640A040252AD', '');
INSERT INTO `pnsskp` VALUES ('A8ACA75D57243912E040640A040269BB', '260004681', '196305121985032001', 'RADEN RARA DYAH PRAMESTI', '32', 'III/b', 'Penata Muda Tingkat I', 'A8ACA73A50AE3912E040640A040269BB', 'SEKSI ADMINISTRASI STATUS KEPEGAWAIAN DAN PENSIUN', 'KEPALA SEKSI ADM STATUS KEPEGAWAIAN DAN PENSIUN', 'A8ACA73A50AC3912E040640A040269BB', 'A5EB03E23B00F6A0E040640A040252AD', '4', '', 'A418D76E0894B891E040640A04021940');
INSERT INTO `pnsskp` VALUES ('A8ACA75DE0D03912E040640A040269BB', '260004964', '196305171985032001', 'ENDANG ERAWATI', '32', 'III/b', 'Penata Muda Tingkat I', 'A8ACA73A50BC3912E040640A040269BB', 'SEKSI PENGOLAHAN DATA DAN DISEMINASI INFORMASI KEPEGAWAIAN', 'KEPALA SEKSI PENGOLAHAN DATA  DAN DISEMINASI INFORMASI KEPEGAWAIAN', 'A8ACA73A50B63912E040640A040269BB', 'A5EB03E23B00F6A0E040640A040252AD', '4', '', 'A418D76E0EE7B891E040640A04021940');
INSERT INTO `pnsskp` VALUES ('A8ACA75D5D003912E040640A040269BB', '260004688', '196306041985031002', 'HARIS SUTANTA', '32', 'III/b', 'Penata Muda Tingkat I', 'A8ACA73A50AE3912E040640A040269BB', 'SEKSI ADMINISTRASI STATUS KEPEGAWAIAN DAN PENSIUN', 'KEPALA SEKSI ADM STATUS KEPEGAWAIAN DAN PENSIUN', 'A8ACA73A50AC3912E040640A040269BB', 'A5EB03E23B00F6A0E040640A040252AD', '4', '', 'A418D76E0894B891E040640A04021940');
INSERT INTO `pnsskp` VALUES ('A8ACA75D5CF73912E040640A040269BB', '260004072', '196306281984122001', 'TRIAS YUNIARTI', '32', 'III/b', 'Penata Muda Tingkat I', 'A8ACA73A50A03912E040640A040269BB', 'SUB BAGIAN TATA USAHA DAN RUMAH TANGGA', 'KEPALA SUB BAGIAN TATA USAHA DAN RUMAH TANGGA', 'A8ACA73A509A3912E040640A040269BB', 'A5EB03E23B00F6A0E040640A040252AD', '4', '', 'A418D76E19EBB891E040640A04021940');
INSERT INTO `pnsskp` VALUES ('A8ACA75D73073912E040640A040269BB', '260004670', '196307141985032001', 'MARIA BONAVENTURA MUNCAR DININGSIH', '32', 'III/b', 'Penata Muda Tingkat I', 'A8ACA73A50A63912E040640A040269BB', 'SEKSI MUTASI I', 'KEPALA SEKSI MUTASI I', 'A8ACA73A50A23912E040640A040269BB', 'A5EB03E23B00F6A0E040640A040252AD', '4', '', 'A418D76E020CB891E040640A04021940');
INSERT INTO `pnsskp` VALUES ('A8ACA75DD9493912E040640A040269BB', '260003532', '196308231983071001', 'AGUS DJUMANTO', '32', 'III/b', 'Penata Muda Tingkat I', 'A8ACA73A509C3912E040640A040269BB', 'SUB BAGIAN PERENCANAAN DAN KEUANGAN', 'KEPALA SUB BAGIAN PERENCANAAN DAN KEUANGAN', 'A8ACA73A509A3912E040640A040269BB', 'A5EB03E23B00F6A0E040640A040252AD', '4', '', 'A418D76E04DBB891E040640A04021940');
INSERT INTO `pnsskp` VALUES ('A8ACA75D53263912E040640A040269BB', '260004623', '196312251985031001', 'EKO NEFOYANTO', '34', 'III/d', 'Penata Tingkat I', 'A8ACA73A50C63912E040640A040269BB', 'SEKSI PENGEMBANGAN KEPEGAWAIAN', 'KEPALA SEKSI PENGEMBANGAN KEPEGAWAIAN', 'A8ACA73A50C03912E040640A040269BB', 'A5EB03E23B00F6A0E040640A040252AD', '4', '', 'A418D76E0EE7B891E040640A04021940');
INSERT INTO `pnsskp` VALUES ('A8ACA75D62C03912E040640A040269BB', '260005306', '196402251986021001', 'SARPIN', '23', 'II/c', 'Pengatur', 'A8ACA73A50A03912E040640A040269BB', 'SUB BAGIAN TATA USAHA DAN RUMAH TANGGA', 'KEPALA SUB BAGIAN TATA USAHA DAN RUMAH TANGGA', 'A8ACA73A509A3912E040640A040269BB', 'A5EB03E23B00F6A0E040640A040252AD', '4', '', 'ff80808135765575013579a5e6b71ceb');
INSERT INTO `pnsskp` VALUES ('A8ACA75D76B93912E040640A040269BB', '260004671', '196403071985031001', 'RADEN SUMARTOTO', '33', 'III/c', 'Penata', 'A8ACA73A50B63912E040640A040269BB', 'BIDANG INFORMASI KEPEGAWAIAN', 'KEPALA BIDANG INFORMASI KEPEGAWAIAN', 'A8ACA73A50983912E040640A040269BB', 'A5EB03E23B00F6A0E040640A040252AD', '2', 'A5EB03E23E32F6A0E040640A040252AD', 'ff808081325e8a690132606e93d00d75');
INSERT INTO `pnsskp` VALUES ('A8ACA75DE1253912E040640A040269BB', '260004658', '196403291985031001', 'EDDY KUSMARWANTO', '34', 'III/d', 'Penata Tingkat I', 'A8ACA73A509E3912E040640A040269BB', 'SUB BAGIAN KEPEGAWAIAN', 'KEPALA SUB BAGIAN KEPEGAWAIAN', 'A8ACA73A509A3912E040640A040269BB', 'A5EB03E23B00F6A0E040640A040252AD', '4', '', 'A418D76E0A54B891E040640A04021940');
INSERT INTO `pnsskp` VALUES ('A8ACA75D6F593912E040640A040269BB', '260005749', '196405051987112001', 'HENING NARWATI', '33', 'III/c', 'Penata', 'A8ACA73A50AE3912E040640A040269BB', 'SEKSI ADMINISTRASI STATUS KEPEGAWAIAN DAN PENSIUN', 'KEPALA SEKSI ADM STATUS KEPEGAWAIAN DAN PENSIUN', 'A8ACA73A50AC3912E040640A040269BB', 'A5EB03E23B00F6A0E040640A040252AD', '4', '', 'A418D76E020CB891E040640A04021940');
INSERT INTO `pnsskp` VALUES ('A8ACA75D62C63912E040640A040269BB', '260005310', '196405211986021001', 'SURONO', '23', 'II/c', 'Pengatur', 'A8ACA73A50B03912E040640A040269BB', 'SEKSI STATUS KEPEGAWAIAN', 'KEPALA SEKSI STATUS KEPEGAWAIAN', 'A8ACA73A50AC3912E040640A040269BB', 'A5EB03E23B00F6A0E040640A040252AD', '4', '', 'A418D76E0894B891E040640A04021940');
INSERT INTO `pnsskp` VALUES ('A8ACA75DDE873912E040640A040269BB', '260005716', '196406051987111001', 'DJUNI HERYONO', '33', 'III/c', 'Penata', 'A8ACA73A50B63912E040640A040269BB', 'BIDANG INFORMASI KEPEGAWAIAN', 'KEPALA BIDANG INFORMASI KEPEGAWAIAN', 'A8ACA73A50983912E040640A040269BB', 'A5EB03E23B00F6A0E040640A040252AD', '2', 'A5EB03E23E30F6A0E040640A040252AD', 'A418D76E0C34B891E040640A04021940');
INSERT INTO `pnsskp` VALUES ('A8ACA75D5CFD3912E040640A040269BB', '260004687', '196408011985031001', 'SUDARTO', '32', 'III/b', 'Penata Muda Tingkat I', 'A8ACA73A50B83912E040640A040269BB', 'SEKSI PENYAJIAN DAN PENGELOLAAN  DATA KEPEGAWAIAN I', 'KEPALA SEKSI PENYAJIAN DAN PENGELOLAAN DATA KEPEGAWAIAN I', 'A8ACA73A50B63912E040640A040269BB', 'A5EB03E23B00F6A0E040640A040252AD', '4', '', 'ff808081325e8a690132606e93d00d75');
INSERT INTO `pnsskp` VALUES ('A8ACA75D69B33912E040640A040269BB', '260005728', '196409231987112001', 'CAECILIA NUKY ISWANTATI', '33', 'III/c', 'Penata', 'A8ACA73A50BA3912E040640A040269BB', 'SEKSI PENYAJIAN DAN PENGELOLAAN DATA KEPEGAWAIAN II', 'KEPALA SEKSI PENYAJIAN DAN PENGELOLAAN DATA KEPEGAWAIAN II', 'A8ACA73A50B63912E040640A040269BB', 'A5EB03E23B00F6A0E040640A040252AD', '4', '', 'ff808081325e8a690132606e93d00d75');
INSERT INTO `pnsskp` VALUES ('A8ACA75D5AF43912E040640A040269BB', '260005274', '196410011985092001', 'NANI TAYAMTI', '33', 'III/c', 'Penata', 'A8ACA73A50B23912E040640A040269BB', 'SEKSI PENSIUN I', 'KEPALA SEKSI PENSIUN I', 'A8ACA73A50AC3912E040640A040269BB', 'A5EB03E23B00F6A0E040640A040252AD', '4', '', 'A418D76E020CB891E040640A04021940');
INSERT INTO `pnsskp` VALUES ('A8ACA75D6F6A3912E040640A040269BB', '260006025', '196410021991032001', 'RULI DJUMARLIANA', '32', 'III/b', 'Penata Muda Tingkat I', 'A8ACA73A50BE3912E040640A040269BB', 'SEKSI PEMANFAATAN TEKNOLOGI INFORMASI', 'KEPALA SEKSI PENYAJIAN DAN PERTUKARAN INFORMASI', 'A8ACA73A50B63912E040640A040269BB', 'A5EB03E23B00F6A0E040640A040252AD', '4', '', 'ff80808135765575013579a3327a1c6b');
INSERT INTO `pnsskp` VALUES ('A5EB042227B9F6A0E040640A040252AD', '260005788', '196410031987122001', 'NURCHASANAH', '42', 'IV/b', 'Pembina Tingkat I', 'A8ACA73A50AC3912E040640A040269BB', 'BIDANG STATUS KEPEGAWAIAN DAN PENSIUN', 'KEPALA BIDANG STATUS KEPEGAWAIAN DAN PENSIUN', 'A8ACA73A50983912E040640A040269BB', 'A5EB03E23B00F6A0E040640A040252AD', '1', '', '');
INSERT INTO `pnsskp` VALUES ('A8ACA75D89B33912E040640A040269BB', '260005725', '196410131987111001', 'SUKIRYANTA', '33', 'III/c', 'Penata', 'A8ACA73A50B63912E040640A040269BB', 'BIDANG INFORMASI KEPEGAWAIAN', 'KEPALA BIDANG INFORMASI KEPEGAWAIAN', 'A8ACA73A50983912E040640A040269BB', 'A5EB03E23B00F6A0E040640A040252AD', '2', 'A5EB03E23E30F6A0E040640A040252AD', 'ff808081325e8a690132606e93d00d75');
INSERT INTO `pnsskp` VALUES ('A8ACA75D8F163912E040640A040269BB', '260006291', '196504301994031001', 'DANI BRAMANTA', '34', 'III/d', 'Penata Tingkat I', 'A8ACA73A50B63912E040640A040269BB', 'BIDANG INFORMASI KEPEGAWAIAN', 'KEPALA BIDANG INFORMASI KEPEGAWAIAN', 'A8ACA73A50983912E040640A040269BB', 'A5EB03E23B00F6A0E040640A040252AD', '2', 'A5EB03E23EB0F6A0E040640A040252AD', '');
INSERT INTO `pnsskp` VALUES ('A8ACA75D53483912E040640A040269BB', '260004662', '196506271985031001', 'SUPRIYANTO', '34', 'III/d', 'Penata Tingkat I', 'A8ACA73A50A03912E040640A040269BB', 'SUB BAGIAN TATA USAHA DAN RUMAH TANGGA', 'KEPALA SUB BAGIAN TATA USAHA DAN RUMAH TANGGA', 'A8ACA73A509A3912E040640A040269BB', 'A5EB03E23B00F6A0E040640A040252AD', '4', '', 'A418D76E17EDB891E040640A04021940');
INSERT INTO `pnsskp` VALUES ('A8ACA75D8D683912E040640A040269BB', '260005727', '196508251987112001', 'SRI MAWARNI', '32', 'III/b', 'Penata Muda Tingkat I', 'A8ACA73A50A03912E040640A040269BB', 'SUB BAGIAN TATA USAHA DAN RUMAH TANGGA', 'KEPALA SUB BAGIAN TATA USAHA DAN RUMAH TANGGA', 'A8ACA73A509A3912E040640A040269BB', 'A5EB03E23B00F6A0E040640A040252AD', '4', '', 'A418D76E0894B891E040640A04021940');
INSERT INTO `pnsskp` VALUES ('A8ACA75D89AA3912E040640A040269BB', '260005721', '196509161987111001', 'INHARTO PANDU MAHENDRO', '32', 'III/b', 'Penata Muda Tingkat I', 'A8ACA73A50B83912E040640A040269BB', 'SEKSI PENYAJIAN DAN PENGELOLAAN  DATA KEPEGAWAIAN I', 'KEPALA SEKSI PENYAJIAN DAN PENGELOLAAN DATA KEPEGAWAIAN I', 'A8ACA73A50B63912E040640A040269BB', 'A5EB03E23B00F6A0E040640A040252AD', '4', '', 'A418D76E0894B891E040640A04021940');
INSERT INTO `pnsskp` VALUES ('A8ACA75DD9273912E040640A040269BB', '260005773', '196511131987111001', 'ANDREAS ISMONO', '33', 'III/c', 'Penata', 'A8ACA73A50A03912E040640A040269BB', 'SUB BAGIAN TATA USAHA DAN RUMAH TANGGA', 'KEPALA SUB BAGIAN TATA USAHA DAN RUMAH TANGGA', 'A8ACA73A509A3912E040640A040269BB', 'A5EB03E23B00F6A0E040640A040252AD', '1', '', 'A418D76E0875B891E040640A04021940');
INSERT INTO `pnsskp` VALUES ('A8ACA75D53293912E040640A040269BB', '260006077', '196603021991032001', 'ISSUMIARI', '32', 'III/b', 'Penata Muda Tingkat I', 'A8ACA73A50BC3912E040640A040269BB', 'SEKSI PENGOLAHAN DATA DAN DISEMINASI INFORMASI KEPEGAWAIAN', 'KEPALA SEKSI PENGOLAHAN DATA  DAN DISEMINASI INFORMASI KEPEGAWAIAN', 'A8ACA73A50B63912E040640A040269BB', 'A5EB03E23B00F6A0E040640A040252AD', '4', '', 'ff80808135765575013579a3327a1c6b');
INSERT INTO `pnsskp` VALUES ('A8ACA75DE13D3912E040640A040269BB', '260006277', '196604221993031001', 'SLAMET WIYONO', '42', 'IV/b', 'Pembina Tingkat I', 'A8ACA73A509A3912E040640A040269BB', 'BAGIAN UMUM', 'KEPALA BAGIAN UMUM', 'A8ACA73A50983912E040640A040269BB', 'A5EB03E23B00F6A0E040640A040252AD', '1', '', '');
INSERT INTO `pnsskp` VALUES ('A8ACA75DDC3F3912E040640A040269BB', '260005738', '196605101987112001', 'BAKIR SUMIYATI', '33', 'III/c', 'Penata', 'A8ACA73A50BE3912E040640A040269BB', 'SEKSI PEMANFAATAN TEKNOLOGI INFORMASI', 'KEPALA SEKSI PENYAJIAN DAN PERTUKARAN INFORMASI', 'A8ACA73A50B63912E040640A040269BB', 'A5EB03E23B00F6A0E040640A040252AD', '4', '', 'A418D76E0EE7B891E040640A04021940');
INSERT INTO `pnsskp` VALUES ('A8ACA75D867B3912E040640A040269BB', '260006533', '196608161997032001', 'SUHARTATIK', '31', 'III/a', 'Penata Muda', 'A8ACA73A50C23912E040640A040269BB', 'SEKSI BIMBINGAN TEKNIS KEPEGAWAIAN I', 'KEPALA SEKSI BIMBINGAN TEKNIS KEPEGAWAIAN I', 'A8ACA73A50C03912E040640A040269BB', 'A5EB03E23B00F6A0E040640A040252AD', '4', '', 'ff80808135765575013579a3327a1c6b');
INSERT INTO `pnsskp` VALUES ('A8ACA75D89AD3912E040640A040269BB', '260005722', '196611111987112001', 'SUKRIS WIDIYANI', '32', 'III/b', 'Penata Muda Tingkat I', 'A8ACA73A509C3912E040640A040269BB', 'SUB BAGIAN PERENCANAAN DAN KEUANGAN', 'KEPALA SUB BAGIAN PERENCANAAN DAN KEUANGAN', 'A8ACA73A509A3912E040640A040269BB', 'A5EB03E23B00F6A0E040640A040252AD', '4', '', 'ff8080813441db29013445b0abb025a8');
INSERT INTO `pnsskp` VALUES ('A8ACA75D6F463912E040640A040269BB', '260006261', '196704121993031001', 'ISWAHYUDI SURYANTO', '34', 'III/d', 'Penata Tingkat I', 'A8ACA73A509E3912E040640A040269BB', 'SUB BAGIAN KEPEGAWAIAN', 'KEPALA SUB BAGIAN KEPEGAWAIAN', 'A8ACA73A509A3912E040640A040269BB', 'A5EB03E23B00F6A0E040640A040252AD', '1', '', '');
INSERT INTO `pnsskp` VALUES ('A8ACA75D6F403912E040640A040269BB', '260006259', '196704231993032001', 'SRI WIDAYANTI', '34', 'III/d', 'Penata Tingkat I', 'A8ACA73A50AE3912E040640A040269BB', 'SEKSI ADMINISTRASI STATUS KEPEGAWAIAN DAN PENSIUN', 'KEPALA SEKSI ADM STATUS KEPEGAWAIAN DAN PENSIUN', 'A8ACA73A50AC3912E040640A040269BB', 'A5EB03E23B00F6A0E040640A040252AD', '1', '', '');
INSERT INTO `pnsskp` VALUES ('A8ACA75D59663912E040640A040269BB', '260005756', '196711021987111001', 'JOKO SUSILO', '32', 'III/b', 'Penata Muda Tingkat I', 'A8ACA73A50A03912E040640A040269BB', 'SUB BAGIAN TATA USAHA DAN RUMAH TANGGA', 'KEPALA SUB BAGIAN TATA USAHA DAN RUMAH TANGGA', 'A8ACA73A509A3912E040640A040269BB', 'A5EB03E23B00F6A0E040640A040252AD', '4', '', 'A418D76E1806B891E040640A04021940');
INSERT INTO `pnsskp` VALUES ('A8ACA75D89B63912E040640A040269BB', '260005726', '196802121987112001', 'FELIFULA FEBRIYANI', '32', 'III/b', 'Penata Muda Tingkat I', 'A8ACA73A50B43912E040640A040269BB', 'SEKSI PENSIUN II', 'KEPALA SEKSI PENSIUN II', 'A8ACA73A50AC3912E040640A040269BB', 'A5EB03E23B00F6A0E040640A040252AD', '4', '', 'A418D76E020CB891E040640A04021940');
INSERT INTO `pnsskp` VALUES ('A8ACA75D8F143912E040640A040269BB', '260006290', '196804171994031001', 'STEPHANUS FIRMANTO TAWANGGONO', '34', 'III/d', 'Penata Tingkat I', 'A8ACA73A50B63912E040640A040269BB', 'BIDANG INFORMASI KEPEGAWAIAN', 'KEPALA BIDANG INFORMASI KEPEGAWAIAN', 'A8ACA73A50983912E040640A040269BB', 'A5EB03E23B00F6A0E040640A040252AD', '2', 'A5EB03E23EB0F6A0E040640A040252AD', '');
INSERT INTO `pnsskp` VALUES ('A8ACA75D8F183912E040640A040269BB', '260006292', '196805101994032001', 'AHYU WULANDARI', '33', 'III/c', 'Penata', 'A8ACA73A50BC3912E040640A040269BB', 'SEKSI PENGOLAHAN DATA DAN DISEMINASI INFORMASI KEPEGAWAIAN', 'KEPALA SEKSI PENGOLAHAN DATA  DAN DISEMINASI INFORMASI KEPEGAWAIAN', 'A8ACA73A50B63912E040640A040269BB', 'A5EB03E23B00F6A0E040640A040252AD', '1', 'A5EB03E23EB0F6A0E040640A040252AD', '');
INSERT INTO `pnsskp` VALUES ('A8ACA75D7AC63912E040640A040269BB', '260005740', '196806041987112001', 'TARMIJAH', '32', 'III/b', 'Penata Muda Tingkat I', 'A8ACA73A509E3912E040640A040269BB', 'SUB BAGIAN KEPEGAWAIAN', 'KEPALA SUB BAGIAN KEPEGAWAIAN', 'A8ACA73A509A3912E040640A040269BB', 'A5EB03E23B00F6A0E040640A040252AD', '4', '', 'A418D76E0894B891E040640A04021940');
INSERT INTO `pnsskp` VALUES ('A8ACA75DE13A3912E040640A040269BB', '260006272', '196808101993031001', 'Y SOETONO', '34', 'III/d', 'Penata Tingkat I', 'A8ACA73A50C63912E040640A040269BB', 'SEKSI PENGEMBANGAN KEPEGAWAIAN', 'KEPALA SEKSI PENGEMBANGAN KEPEGAWAIAN', 'A8ACA73A50C03912E040640A040269BB', 'A5EB03E23B00F6A0E040640A040252AD', '4', '', 'A418D76E0EE7B891E040640A04021940');
INSERT INTO `pnsskp` VALUES ('A8ACA75D533F3912E040640A040269BB', '260006117', '196810061992031001', 'SURYANTA', '32', 'III/b', 'Penata Muda Tingkat I', 'A8ACA73A50BA3912E040640A040269BB', 'SEKSI PENYAJIAN DAN PENGELOLAAN DATA KEPEGAWAIAN II', 'KEPALA SEKSI PENYAJIAN DAN PENGELOLAAN DATA KEPEGAWAIAN II', 'A8ACA73A50B63912E040640A040269BB', 'A5EB03E23B00F6A0E040640A040252AD', '4', '', 'ff808081325e8a690132606e93d00d75');
INSERT INTO `pnsskp` VALUES ('A8ACA75D6D923912E040640A040269BB', '260005755', '196902051987112001', 'SRI MURTININGSIH', '33', 'III/c', 'Penata', 'A8ACA73A50BA3912E040640A040269BB', 'SEKSI PENYAJIAN DAN PENGELOLAAN DATA KEPEGAWAIAN II', 'KEPALA SEKSI PENYAJIAN DAN PENGELOLAAN DATA KEPEGAWAIAN II', 'A8ACA73A50B63912E040640A040269BB', 'A5EB03E23B00F6A0E040640A040252AD', '1', '', 'A418D76E0436B891E040640A04021940');
INSERT INTO `pnsskp` VALUES ('A8ACA75D72F73912E040640A040269BB', '260006264', '196902061993031001', 'DWI HARYONO', '34', 'III/d', 'Penata Tingkat I', 'A8ACA73A50C63912E040640A040269BB', 'SEKSI PENGEMBANGAN KEPEGAWAIAN', 'KEPALA SEKSI PENGEMBANGAN KEPEGAWAIAN', 'A8ACA73A50C03912E040640A040269BB', 'A5EB03E23B00F6A0E040640A040252AD', '1', '', '');
INSERT INTO `pnsskp` VALUES ('A8ACA75D6F6D3912E040640A040269BB', '260006032', '196904291991031001', 'PURJIYANTA', '41', 'IV/a', 'Pembina', 'A8ACA73A50B63912E040640A040269BB', 'BIDANG INFORMASI KEPEGAWAIAN', 'KEPALA BIDANG INFORMASI KEPEGAWAIAN', 'A8ACA73A50983912E040640A040269BB', 'A5EB03E23B00F6A0E040640A040252AD', '1', '', '');
INSERT INTO `pnsskp` VALUES ('A8ACA75D5EF13912E040640A040269BB', '260006532', '196906111997032001', 'ENI ISNIWATI', '31', 'III/a', 'Penata Muda', 'A8ACA73A50A03912E040640A040269BB', 'SUB BAGIAN TATA USAHA DAN RUMAH TANGGA', 'KEPALA SUB BAGIAN TATA USAHA DAN RUMAH TANGGA', 'A8ACA73A509A3912E040640A040269BB', 'A5EB03E23B00F6A0E040640A040252AD', '4', '', 'A418D76E1A7EB891E040640A04021940');
INSERT INTO `pnsskp` VALUES ('A8ACA75D6F6F3912E040640A040269BB', '260006288', '197010071994031001', 'EKO BOEDIJANTO', '32', 'III/b', 'Penata Muda Tingkat I', 'A8ACA73A509E3912E040640A040269BB', 'SUB BAGIAN KEPEGAWAIAN', 'KEPALA SUB BAGIAN KEPEGAWAIAN', 'A8ACA73A509A3912E040640A040269BB', 'A5EB03E23B00F6A0E040640A040252AD', '4', '', 'A418D76E020CB891E040640A04021940');
INSERT INTO `pnsskp` VALUES ('A8ACA75DE1373912E040640A040269BB', '260006270', '197107111993031001', 'AHMAD BUDI SUTRISNA', '31', 'III/a', 'Penata Muda', 'A8ACA73A50A83912E040640A040269BB', 'SEKSI MUTASI II', 'KEPALA SEKSI MUTASI II', 'A8ACA73A50A23912E040640A040269BB', 'A5EB03E23B00F6A0E040640A040252AD', '4', '', 'A418D76E020CB891E040640A04021940');
INSERT INTO `pnsskp` VALUES ('A8ACA75D532C3912E040640A040269BB', '260006562', '197112291998032001', 'ENDANG PURWATI', '34', 'III/d', 'Penata Tingkat I', 'A8ACA73A50A43912E040640A040269BB', 'SEKSI ADMINISTRASI MUTASI', 'KEPALA SEKSI ADMINISTRASI MUTASI', 'A8ACA73A50A23912E040640A040269BB', 'A5EB03E23B00F6A0E040640A040252AD', '1', '', '');
INSERT INTO `pnsskp` VALUES ('A8ACA75D7ACF3912E040640A040269BB', '260006268', '197206081993031001', 'SUMANTRI', '32', 'III/b', 'Penata Muda Tingkat I', 'A8ACA73A50B83912E040640A040269BB', 'SEKSI PENYAJIAN DAN PENGELOLAAN  DATA KEPEGAWAIAN I', 'KEPALA SEKSI PENYAJIAN DAN PENGELOLAAN DATA KEPEGAWAIAN I', 'A8ACA73A50B63912E040640A040269BB', 'A5EB03E23B00F6A0E040640A040252AD', '4', '', 'ff808081325e8a690132606e93d00d75');
INSERT INTO `pnsskp` VALUES ('A8ACA75DDB653912E040640A040269BB', '260006665', '197206171999021001', 'DWI SETIAWAN SULISTIANTO', '24', 'II/d', 'Pengatur Tingkat I', 'A8ACA73A50A03912E040640A040269BB', 'SUB BAGIAN TATA USAHA DAN RUMAH TANGGA', 'KEPALA SUB BAGIAN TATA USAHA DAN RUMAH TANGGA', 'A8ACA73A509A3912E040640A040269BB', 'A5EB03E23B00F6A0E040640A040252AD', '4', '', 'A418D76E1806B891E040640A04021940');
INSERT INTO `pnsskp` VALUES ('A5EB04222191F6A0E040640A040252AD', '260006679', '197302171999021001', 'GUNAWAN', '22', 'II/b', 'Pengatur Muda Tingkat I', 'A8ACA73A50A03912E040640A040269BB', 'SUB BAGIAN TATA USAHA DAN RUMAH TANGGA', 'KEPALA SUB BAGIAN TATA USAHA DAN RUMAH TANGGA', 'A8ACA73A509A3912E040640A040269BB', 'A5EB03E23B00F6A0E040640A040252AD', '4', '', 'A418D76E0C34B891E040640A04021940');
INSERT INTO `pnsskp` VALUES ('A8ACA75DDB623912E040640A040269BB', '260006663', '197403231999021001', 'SUYATNO', '33', 'III/c', 'Penata', 'A8ACA73A50B63912E040640A040269BB', 'BIDANG INFORMASI KEPEGAWAIAN', 'KEPALA BIDANG INFORMASI KEPEGAWAIAN', 'A8ACA73A50983912E040640A040269BB', 'A5EB03E23B00F6A0E040640A040252AD', '2', 'A5EB03E23E30F6A0E040640A040252AD', 'A418D76E1806B891E040640A04021940');
INSERT INTO `pnsskp` VALUES ('A8ACA743CBA93912E040640A040269BB', '260006942', '197507272006041006', 'ATHO`ZULIYANTA', '22', 'II/b', 'Pengatur Muda Tingkat I', 'A8ACA73A50A03912E040640A040269BB', 'SUB BAGIAN TATA USAHA DAN RUMAH TANGGA', 'KEPALA SUB BAGIAN TATA USAHA DAN RUMAH TANGGA', 'A8ACA73A509A3912E040640A040269BB', 'A5EB03E23B00F6A0E040640A040252AD', '4', '', 'A418D76E1806B891E040640A04021940');
INSERT INTO `pnsskp` VALUES ('A8ACA751A8C53912E040640A040269BB', '', '197701072010121001', 'JUMALI', '23', 'II/c', 'Pengatur', 'A8ACA73A509E3912E040640A040269BB', 'SUB BAGIAN KEPEGAWAIAN', 'KEPALA SUB BAGIAN KEPEGAWAIAN', 'A8ACA73A509A3912E040640A040269BB', 'A5EB03E23B00F6A0E040640A040252AD', '4', '', 'ff80808135765575013579a51f2c1cc6');
INSERT INTO `pnsskp` VALUES ('A8ACA74C63843912E040640A040269BB', '260006986', '197804222006042003', 'NINIK SETYORINI', '31', 'III/a', 'Penata Muda', 'A8ACA73A509C3912E040640A040269BB', 'SUB BAGIAN PERENCANAAN DAN KEUANGAN', 'KEPALA SUB BAGIAN PERENCANAAN DAN KEUANGAN', 'A8ACA73A509A3912E040640A040269BB', 'A5EB03E23B00F6A0E040640A040252AD', '4', '', 'A418D76E07A5B891E040640A04021940');
INSERT INTO `pnsskp` VALUES ('A8ACA743B7BB3912E040640A040269BB', '260007060', '197806182008012030', 'TIN YUNIATI', '32', 'III/b', 'Penata Muda Tingkat I', 'A8ACA73A509E3912E040640A040269BB', 'SUB BAGIAN KEPEGAWAIAN', 'KEPALA SUB BAGIAN KEPEGAWAIAN', 'A8ACA73A509A3912E040640A040269BB', 'A5EB03E23B00F6A0E040640A040252AD', '4', '', 'ff8080813ec18e20013ecf1cf03b3e01');
INSERT INTO `pnsskp` VALUES ('A8ACA743E2D13912E040640A040269BB', '260006971', '198106152006041005', 'TRIAS PURNOMO', '32', 'III/b', 'Penata Muda Tingkat I', 'A8ACA73A509A3912E040640A040269BB', 'BAGIAN UMUM', 'KEPALA BAGIAN UMUM', 'A8ACA73A50983912E040640A040269BB', 'A5EB03E23B00F6A0E040640A040252AD', '2', 'A5EB03E23EB1F6A0E040640A040252AD', '');

-- ----------------------------
-- Table structure for `unorskp`
-- ----------------------------
DROP TABLE IF EXISTS `unorskp`;
CREATE TABLE `unorskp` (
  `id_unor` varchar(32) NOT NULL,
  `instansi_id` varchar(32) DEFAULT NULL,
  `diatasan_id` varchar(32) DEFAULT NULL,
  `eselon_id` varchar(2) DEFAULT NULL,
  `nama_unor` varchar(250) DEFAULT NULL,
  `nama_jabatan` varchar(250) DEFAULT NULL,
  `pemimpin_pns_id` varchar(32) DEFAULT NULL,
  PRIMARY KEY (`id_unor`)
) ENGINE=InnoDB DEFAULT CHARSET=latin1;

-- ----------------------------
-- Records of unorskp
-- ----------------------------
INSERT INTO `unorskp` VALUES ('A8ACA73A4DF63912E040640A040269BB', 'A5EB03E23B00F6A0E040640A040252AD', 'presiden', '00', 'BADAN KEPEGAWAIAN NEGARA', 'KEPALA BADAN KEPEGAWAIAN NEGARA', '-');
INSERT INTO `unorskp` VALUES ('A8ACA73A4DFA3912E040640A040269BB', 'A5EB03E23B00F6A0E040640A040252AD', 'A8ACA73A4DF63912E040640A040269BB', '11', 'SEKRETARIAT UTAMA', 'SEKRETARIS  UTAMA', 'A8ACA749EB953912E040640A040269BB');
INSERT INTO `unorskp` VALUES ('A8ACA73A50983912E040640A040269BB', 'A5EB03E23B00F6A0E040640A040252AD', 'A8ACA73A4DF63912E040640A040269BB', '21', 'KANTOR REGIONAL I BKN', 'KEPALA KANTOR REGIONAL I BKN', 'A8ACA749F4A53912E040640A040269BB');
INSERT INTO `unorskp` VALUES ('A8ACA73A509A3912E040640A040269BB', 'A5EB03E23B00F6A0E040640A040252AD', 'A8ACA73A50983912E040640A040269BB', '31', 'BAGIAN UMUM', 'KEPALA BAGIAN UMUM', '-');
INSERT INTO `unorskp` VALUES ('A8ACA73A509C3912E040640A040269BB', 'A5EB03E23B00F6A0E040640A040252AD', 'A8ACA73A509A3912E040640A040269BB', '41', 'SUB BAGIAN PERENCANAAN DAN KEUANGAN', 'KEPALA SUB BAGIAN PERENCANAAN DAN KEUANGAN', 'A8ACA7C91BE83912E040640A040269BB');
INSERT INTO `unorskp` VALUES ('A8ACA73A509E3912E040640A040269BB', 'A5EB03E23B00F6A0E040640A040252AD', 'A8ACA73A509A3912E040640A040269BB', '41', 'SUB BAGIAN KEPEGAWAIAN', 'KEPALA SUB BAGIAN KEPEGAWAIAN', 'A8ACA7A2DF043912E040640A040269BB');
INSERT INTO `unorskp` VALUES ('A8ACA73A50A03912E040640A040269BB', 'A5EB03E23B00F6A0E040640A040252AD', 'A8ACA73A509A3912E040640A040269BB', '41', 'SUB BAGIAN TATA USAHA DAN RUMAH TANGGA', 'KEPALA SUB BAGIAN TATA USAHA DAN RUMAH TANGGA', 'A8ACA7C90D0F3912E040640A040269BB');
INSERT INTO `unorskp` VALUES ('A8ACA73A50A23912E040640A040269BB', 'A5EB03E23B00F6A0E040640A040252AD', 'A8ACA73A50983912E040640A040269BB', '31', 'BIDANG MUTASI', 'KEPALA BIDANG MUTASI', 'A8ACA7A43BF13912E040640A040269BB');
INSERT INTO `unorskp` VALUES ('A8ACA73A50A43912E040640A040269BB', 'A5EB03E23B00F6A0E040640A040252AD', 'A8ACA73A50A23912E040640A040269BB', '41', 'SEKSI ADMINISTRASI MUTASI', 'KEPALA SEKSI ADMINISTRASI MUTASI', '-');
INSERT INTO `unorskp` VALUES ('A8ACA73A50A63912E040640A040269BB', 'A5EB03E23B00F6A0E040640A040252AD', 'A8ACA73A50A23912E040640A040269BB', '41', 'SEKSI MUTASI I', 'KEPALA SEKSI MUTASI I', 'A8ACA75D53193912E040640A040269BB');
INSERT INTO `unorskp` VALUES ('A8ACA73A50A83912E040640A040269BB', 'A5EB03E23B00F6A0E040640A040252AD', 'A8ACA73A50A23912E040640A040269BB', '41', 'SEKSI MUTASI II', 'KEPALA SEKSI MUTASI II', 'A8ACA75DF1473912E040640A040269BB');
INSERT INTO `unorskp` VALUES ('A8ACA73A50AA3912E040640A040269BB', 'A5EB03E23B00F6A0E040640A040252AD', 'A8ACA73A50A23912E040640A040269BB', '41', 'SEKSI MUTASI III', 'KEPALA SEKSI MUTASI III', 'A8ACA75D5D0F3912E040640A040269BB');
INSERT INTO `unorskp` VALUES ('A8ACA73A50AC3912E040640A040269BB', 'A5EB03E23B00F6A0E040640A040252AD', 'A8ACA73A50983912E040640A040269BB', '31', 'BIDANG STATUS KEPEGAWAIAN DAN PENSIUN', 'KEPALA BIDANG STATUS KEPEGAWAIAN DAN PENSIUN', 'A8ACA75DE7083912E040640A040269BB');
INSERT INTO `unorskp` VALUES ('A8ACA73A50AE3912E040640A040269BB', 'A5EB03E23B00F6A0E040640A040252AD', 'A8ACA73A50AC3912E040640A040269BB', '41', 'SEKSI ADMINISTRASI STATUS KEPEGAWAIAN DAN PENSIUN', 'KEPALA SEKSI ADM STATUS KEPEGAWAIAN DAN PENSIUN', 'A8ACA75D6F403912E040640A040269BB');
INSERT INTO `unorskp` VALUES ('A8ACA73A50B03912E040640A040269BB', 'A5EB03E23B00F6A0E040640A040252AD', 'A8ACA73A50AC3912E040640A040269BB', '41', 'SEKSI STATUS KEPEGAWAIAN', 'KEPALA SEKSI STATUS KEPEGAWAIAN', 'A8ACA75DEA5E3912E040640A040269BB');
INSERT INTO `unorskp` VALUES ('A8ACA73A50B23912E040640A040269BB', 'A5EB03E23B00F6A0E040640A040252AD', 'A8ACA73A50AC3912E040640A040269BB', '41', 'SEKSI PENSIUN I', 'KEPALA SEKSI PENSIUN I', 'A8ACA75DE7783912E040640A040269BB');
INSERT INTO `unorskp` VALUES ('A8ACA73A50B43912E040640A040269BB', 'A5EB03E23B00F6A0E040640A040252AD', 'A8ACA73A50AC3912E040640A040269BB', '41', 'SEKSI PENSIUN II', 'KEPALA SEKSI PENSIUN II', 'A8ACA7E7E59E3912E040640A040269BB');
INSERT INTO `unorskp` VALUES ('A8ACA73A50B63912E040640A040269BB', 'A5EB03E23B00F6A0E040640A040252AD', 'A8ACA73A50983912E040640A040269BB', '31', 'BIDANG INFORMASI KEPEGAWAIAN', 'KEPALA BIDANG INFORMASI KEPEGAWAIAN', 'A8ACA7A427CB3912E040640A040269BB');
INSERT INTO `unorskp` VALUES ('A8ACA73A50B83912E040640A040269BB', 'A5EB03E23B00F6A0E040640A040252AD', 'A8ACA73A50B63912E040640A040269BB', '41', 'SEKSI PENYAJIAN DAN PENGELOLAAN  DATA KEPEGAWAIAN I', 'KEPALA SEKSI PENYAJIAN DAN PENGELOLAAN DATA KEPEGAWAIAN I', 'A8ACA75DD5CE3912E040640A040269BB');
INSERT INTO `unorskp` VALUES ('A8ACA73A50BA3912E040640A040269BB', 'A5EB03E23B00F6A0E040640A040252AD', 'A8ACA73A50B63912E040640A040269BB', '41', 'SEKSI PENYAJIAN DAN PENGELOLAAN DATA KEPEGAWAIAN II', 'KEPALA SEKSI PENYAJIAN DAN PENGELOLAAN DATA KEPEGAWAIAN II', 'A8ACA75D6F463912E040640A040269BB');
INSERT INTO `unorskp` VALUES ('A8ACA73A50BC3912E040640A040269BB', 'A5EB03E23B00F6A0E040640A040252AD', 'A8ACA73A50B63912E040640A040269BB', '41', 'SEKSI PENGOLAHAN DATA DAN DISEMINASI INFORMASI KEPEGAWAIAN', 'KEPALA SEKSI PENGOLAHAN DATA  DAN DISEMINASI INFORMASI KEPEGAWAIAN', 'A8ACA75DEF593912E040640A040269BB');
INSERT INTO `unorskp` VALUES ('A8ACA73A50BE3912E040640A040269BB', 'A5EB03E23B00F6A0E040640A040252AD', 'A8ACA73A50B63912E040640A040269BB', '41', 'SEKSI PEMANFAATAN TEKNOLOGI INFORMASI', 'KEPALA SEKSI PENYAJIAN DAN PERTUKARAN INFORMASI', 'A8ACA75D6F6D3912E040640A040269BB');
INSERT INTO `unorskp` VALUES ('A8ACA73A50C03912E040640A040269BB', 'A5EB03E23B00F6A0E040640A040252AD', 'A8ACA73A50983912E040640A040269BB', '31', 'BIDANG BIMBINGAN TEKNIS KEPEGAWAIAN', 'KEPALA BIDANG BIMBINGAN TEKNIS KEPEGAWAIAN', 'A8ACA75DE13D3912E040640A040269BB');
INSERT INTO `unorskp` VALUES ('A8ACA73A50C23912E040640A040269BB', 'A5EB03E23B00F6A0E040640A040252AD', 'A8ACA73A50C03912E040640A040269BB', '41', 'SEKSI BIMBINGAN TEKNIS KEPEGAWAIAN I', 'KEPALA SEKSI BIMBINGAN TEKNIS KEPEGAWAIAN I', 'A8ACA75DFBB23912E040640A040269BB');
INSERT INTO `unorskp` VALUES ('A8ACA73A50C43912E040640A040269BB', 'A5EB03E23B00F6A0E040640A040252AD', 'A8ACA73A50C03912E040640A040269BB', '41', 'SEKSI BIMBINGAN TEKNIS KEPEGAWAIAN II', 'KEPALA SEKSI BIMBINGAN TEKNIS KEPEGAWAIAN II', 'A8ACA75DEA673912E040640A040269BB');
INSERT INTO `unorskp` VALUES ('A8ACA73A50C63912E040640A040269BB', 'A5EB03E23B00F6A0E040640A040252AD', 'A8ACA73A50C03912E040640A040269BB', '41', 'SEKSI PENGEMBANGAN KEPEGAWAIAN', 'KEPALA SEKSI PENGEMBANGAN KEPEGAWAIAN', 'A8ACA75D72F73912E040640A040269BB');
